-- phpMyAdmin SQL Dump
-- version 5.0.2
-- https://www.phpmyadmin.net/
--
-- Hôte : 127.0.0.1:3306
-- Généré le : jeu. 27 août 2020 à 23:13
-- Version du serveur :  5.7.31
-- Version de PHP : 7.4.9

SET SQL_MODE = "NO_AUTO_VALUE_ON_ZERO";
START TRANSACTION;
SET time_zone = "+00:00";


/*!40101 SET @OLD_CHARACTER_SET_CLIENT=@@CHARACTER_SET_CLIENT */;
/*!40101 SET @OLD_CHARACTER_SET_RESULTS=@@CHARACTER_SET_RESULTS */;
/*!40101 SET @OLD_COLLATION_CONNECTION=@@COLLATION_CONNECTION */;
/*!40101 SET NAMES utf8mb4 */;

--
-- Base de données : `myjvc`
--

-- --------------------------------------------------------

--
-- Structure de la table `articles`
--

DROP TABLE IF EXISTS `articles`;
CREATE TABLE IF NOT EXISTS `articles` (
  `id` int(11) NOT NULL AUTO_INCREMENT,
  `titre` varchar(255) COLLATE utf8mb4_unicode_ci NOT NULL,
  `corps` longtext COLLATE utf8mb4_unicode_ci NOT NULL,
  `created_at` datetime NOT NULL,
  `updated_at` datetime NOT NULL,
  `featured_image` varchar(255) COLLATE utf8mb4_unicode_ci NOT NULL,
  `users_id` int(11) NOT NULL,
  PRIMARY KEY (`id`),
  KEY `IDX_BFDD316867B3B43D` (`users_id`)
) ENGINE=InnoDB AUTO_INCREMENT=38 DEFAULT CHARSET=utf8mb4 COLLATE=utf8mb4_unicode_ci;

--
-- Déchargement des données de la table `articles`
--

INSERT INTO `articles` (`id`, `titre`, `corps`, `created_at`, `updated_at`, `featured_image`, `users_id`) VALUES
(23, 'PS5 : Sony ouvre une page d\'inscription pour les précommandes en Amérique du Nord', '<b>La PlayStation 5 arrive. Quand et à quel prix, on ne sait pas encore, mais en tout cas, il semble que nous soyons proches de l\'ouverture des précommandes.</b><br>\r\n<br>\r\nIl y a quelques semaines, nous vous indiquions que le code source de la boutique en ligne indiquait que la réservation de la PS5 serait limitée à un exemplaire par personne. A l\'époque, Sony n\'avait pas souhaité commenter. Tout change aujourd\'hui avec la mise en ligne d\'une page officielle dédiée à l\'inscription pour les précommandes sur le site américain de Sony. Comme les quantités seront limitées, c\'est Sony qui contactera les joueurs inscrits pour leur indiquer la possibilité de passer à la caisse afin de réserver un exemplaire. Notez bien que pour le moment, ce dispositif n\'est dévoilé qu\'en Amérique du Nord.<br>\r\n<br>\r\n    \"Il y aura une quantité limitée de consoles PS5 disponibles en précommande, nous allons donc inviter certains de nos consommateurs existants à être parmi les premiers à en pré-commander une. Les réservations en précommande seront prises sur la base du premier arrivé, premier servi, donc une fois que vous recevez une invitation par e-mail, nous vous encourageons à suivre les instructions et à agir rapidement. Si vous souhaitez recevoir une invitation, inscrivez-vous ci-dessous. Si vous êtes sélectionné, nous vous contacterons par e-mail avec les instructions et les détails.\"<br>\r\n<br>\r\nSur quoi se basera la sélection des acheteurs ? Et bien un petit tour du côté de la FAQ nous permet d\'apprendre que Sony se basera sur l\'activité des joueurs PlayStation et la manifestation d\'un intérêt. L\'ouverture de cette page permet également de confirmer qu\'un seul exemplaire pourra être réservé par personne. Pour l\'ensemble des produits PS5, les limitations seront les suivantes :<br>\r\n<br>\r\n    1 PS5 avec lecteur ou 1 PS5 Digital Edition<br>\r\n    2 DualSense<br>\r\n    2 stations de recharge DualSense<br>\r\n    2 casques audio 3D<br>\r\n    2 télécommandes<br>\r\n    2 caméras HD<br>', '2020-08-27 15:48:35', '2020-08-27 15:54:05', 'f475ea51666281172259a89f27d8fa5f.webp', 1),
(24, 'Call of Duty : Black Ops Cold War - On a vu tourner la campagne !', '<b>“C’est dans les vieux pots qu’on fait les meilleures confitures” pourrait être le slogan de ce 17ème épisode de la franchise Call of Duty. Après avoir rebooté Modern Warfare, d’une très bonne manière, réconciliant par la même occasion les curieux avec la saga, Activision et ses studios s’attèlent désormais à donner une suite à Call of Duty Black Ops, l’un des opus les plus emblématiques. Call of Duty Black Ops : Cold War aura donc la lourde tâche de passer après un excellent titre, et de satisfaire les joueurs en cette période difficile de pandémie mondiale, une situation qui a évidemment affecté le travail des équipes…</b><br>\r\n<br>\r\n<h3>Ambiance 80’s</h3><br>\r\n<br>\r\nCall of Duty se plonge de nouveau dans les années 80, une période faste et inquiétante pour l’humanité qui pense alors vivre ses dernières heures, prête à s’engloutir dans une troisième Guerre Mondiale. Les conflits se multiplient, tout autour du globe, et derrière ces derniers, on retrouve bien souvent l’influence des deux blocs qui se font face depuis la fin de la seconde Guerre Mondiale : l’Est et l‘Ouest. Black Ops Cold War s’inscrit dans cette dynamique et propose de retrouver des têtes connues : Alex Mason, Frank Woods ou encore Jason Hudson. Ils seront accompagnés sur le terrain de nouveaux personnages, et côtoient également des personnages historiques, tels que Ronald Reagan, alors président des Etats Unis d’Amérique. Au menu côté scénario, une histoire en apparence assez classique, faite d’agents-doubles semant le trouble un peu partout, et que vous seul et votre équipe pouvez identifier et arrêter. Fidèle à la formule, le jeu compte nous parachuter aux quatres coins du Monde : Turquie, Laos, Russie et Pays-Bas entre autres, à travers différentes périodes, naviguant entre les opérations sous couverture, les séquences de guerre, les flashback et les missions à choix multiple… Oui, vous avez bien lu.<br>\r\n<br>\r\n<h3>Le joueur, au coeur de la trame</h3><br>\r\n<br>\r\nUn des points-clés de ce nouvel opus, c’est de positionner le joueur en tant qu’acteur de son aventure. Dès le début, nous pourrons personnaliser notre avatar, lui donner par exemple un profil psychologique particulier, qui viendra d’ailleurs quelque peu modifier le gameplay : sprint amélioré, dégâts réduits, vitesse de visée... Les développeurs affirment que la création de personnage n’a pas toujours de réel impact mais vient surtout augmenter l’immersion, permettant par exemple de définir le genre ou le background militaire de votre soldat, qui restera d’ailleurs muet durant l’aventure. Mais ce n’est pas tout, le jeu proposera des choix à faire durant les missions, des objectifs secondaires dans des arcs narratifs spécifiques, et des cutscenes interactives. Le tout découle sur différentes fins suivant vos décisions et le déroulement global de votre épopée.<br>\r\n<br>\r\n<h3>Des missions plus libres et parfois perturbantes</h3><br>\r\n<br>\r\nL’autre aspect poussé par les développeurs est cette volonté de rendre certaines opérations “perturbantes” dans le sens où elles joueront tantôt avec vos capacités d’adaptation et d’approche, tantôt avec votre perception de l’action. Deux exemples nous ont été présentés. Le premier se déroule en 1968, lors de la guerre du Vietnam, un passage vécu en flashback, durant lequel le joueur doit chercher un détail enfoui dans les souvenirs du personnage. Jusqu’ici rien d’étonnant, certes, mais c’est sur la structure même de la mission que Raven se joue de nous. Cette dernière n’aura de cesse de changer en cours de route, et d’adapter l’action en fonction de vos choix, saupoudrant le tout d’un côté “halluciné” typique des jeux se déroulant dans les rêves ou dans les souvenirs lointains.<br>\r\n<br>\r\nDans un autre registre, on nous a présenté une mission se déroulant au QG du KGB, dans lequel notre personnage est un agent double, et doit réaliser toute sorte d’objectifs, en improvisant des plans à la volée, s’aidant d’une map détaillée du lieu. Empoisonnement, chantage, vol : libre à vous d’agir comme vous le souhaitez, tant que la mission est un succès. Évidemment, loin de ce début de mission lorgnant sur Hitman, les développeurs précisent que la seconde partie de cette opération est un condensé de “pure Call of Duty action”. Ca canarde à tout va, et cela nous permet de remarquer les habituels ralentis et fusillades. Certains éléments de gameplay se confirment alors, tels que la possibilité de jeter des grenades sans quitter notre visée, les glissades visiblement empruntées de Modern Warfare, et l’habituel système de soin où l’on peut encaisser des dizaines de tirs sans broncher, tant que l’on trouve un petit instant de répit pour regagner sa vie automatiquement.<br>\r\n<br>\r\n<h3>Un développement pas comme les autres</h3><br>\r\n<br>\r\nDéveloppé en pleine pandémie du COVID19, Les équipes de Black Ops Cold War ont dû improviser, notamment pour réaliser une partie des séquences de motion capture et d\'enregistrements, habituellement réalisés en studio. C\'est directement chez eux, après installation de matériel, que les acteurs et figurants ont pu incarner les protagonistes et les développeurs sont assez fiers du résultat, malgré le fait qu\'ils ont dû ici enregistrer séparément voix, mouvements et expressions faciales. Cette débrouillardise obligatoire a, de l\'aveu des développeurs, permis de mieux impliquer les acteurs, plus détendus que lors d\'enregistrements classiques. De même, puisqu\'il n\'était pas possible de faire venir en studio de figurants, l\'équipe est allée chercher des voix partout dans le monde, afin de mieux coller aux différents accents.\r\n<br>\r\nEt puis, évidemment, ce Call of Duty sera le premier de la franchise à débarquer sur 9eme génération de consoles de jeu, comme Ghost en son temps, et il faut dire que pour l’instant, nous n’avons pas vu grand chose de next-gen concernant cet opus, le côté \"streamé\" de la présentation n\'ayant pas beaucoup aidé. Tâchons donc d’attendre un peu, car suite à cette première communication un peu tardive, le calendrier d’Activision risque de s\'accélèrera irrémédiablement jusqu’à la sortie du jeu le 13 novembre 2020. La prochaine étape devrait d’ailleurs concerner le cœur de l\'offre : le multijoueur…', '2020-08-27 16:05:34', '2020-08-27 16:05:34', '8a78cba917412fcfa8cfe691dc2dcb00.webp', 1),
(25, 'De 2003 à nos jours, l\'ascension de Call of Duty en tant que roi du FPS grand public', '<b>En dehors de Mario, Pokémon ou Grand Theft Auto, peu de jeux sont connus par-delà les frontières du médium et de son public. Call of Duty fait indéniablement partie de cette liste. Avec des épisodes incontournables comme le premier Modern Warfare, la série a posé les jalons du FPS moderne online grand public dans la seconde moitié des 2000\'s. Elle symbolise aujourd’hui une sérieuse alternative à Fortnite dans le monde des battle royale gratuits, avec Warzone. Tout en amassant des millions, par la suite devenus milliards, au passage. Mais comment COD est-il devenu roi du FPS grand public ?</b><br>\r\n<br>\r\nPour le comprendre, il faut revenir un petit peu en arrière. Fin des années 90 et début 2000, le FPS a le vent en poupe. Des titres comme Outlaws ou le cultissime GoldenEye sur Nintendo 64 transposent le genre dans l’ère moderne, et donnent au joueur la possibilité d’orienter leur arme dans n’importe quelle direction (et non plus sur un seul axe comme c’était le cas au début 1990). Et mise à part le Far West et les missions de 007, un autre cadre prend vie sous les doigts des développeurs : celui de la Seconde Guerre mondiale. Fin 1999, la PS1 voit ainsi arriver le tout premier Medal of Honor, suivi deux ans plus tard d’un second opus, Débarquement Allié. C’est là que tout commence pour Call of Duty. Depuis le camp ennemi.<br>\r\n<br>\r\n<h3>DÉSERTEUR</h3><br>\r\n<br>\r\n“A l\'origine, quand nous avons fondé Infinity Ward, nous travaillions avec Electronic Arts (éditeur de Medal of Honor, ndlr)” expliquait en 2016 à nos confrères d’IGN Vince Zampella, co-créateur de la série Call of Duty et aujourd’hui à la tête de Respawn Entertainment (Titanfall, Apex Legends, Jedi Fallen Order). “Débarquement Allié était tellement bon qu\'EA voulait le rapatrier chez lui, ils ont donc tenté de nous forcer à intégrer la boîte. Nous ne voulions pas le faire (...) Nous sommes finalement allés travailler pour Activision, et oui, COD était une sorte de réponse à cela”.<br>\r\n<br>\r\nC’est ainsi qu’un beau jour d’octobre 2003, le tout premier Call of Duty fait son entrée sur PC Windows. Et même si le gameplay ressemble comme deux gouttes d’eau à Medal of Honor - normal vu son origin story - Vince Zampella et son équipe intègrent des petits twists qui aideront le titre à se faire remarquer. Entre autres : plusieurs personnages jouables et des compagnons de route qui aident à dissiper l’effet “loup solitaire” du jeu d’EA. Et le multijoueur en ligne, déjà inclus à l\'époque, qui deviendra par la suite central voire plus important que le solo pour la série.<br>\r\n<br>\r\n<h3>CHACUN SON TOUR</h3><br>\r\n<br>\r\nAvec la version originelle sur PC et son adaptation sur consoles de salon (baptisé Le Jour de Gloire), le premier Call of Duty aurait rapporté 29,6 millions de dollars en août 2006 pour le seul territoire des Etats-Unis. Un joli succès qui - on ne vous apprendra rien - a engendré pas mal de suites. Le tout à un rythme soutenu dès les années 2000. C’est bien simple, de 2003 à nos jours, il n’y a pas eu une année sans un COD.<br>\r\n<br>\r\nUn chantier pharaonique qu\'Infinity Ward n’a pas réalisé seul. Pour le portage du premier Call of Duty sur consoles, l’équipe avait déjà reçu l’aide de Spark Unlimited, studio californien qui a fermé ses portes en 2005. La même année sort le second opus de la série sur PC et 360 et il faut donc quelqu’un d’autre pour amener le titre sur PS2, Gamecube et Xbox. C’est Treyarch, aujourd’hui indissociable de la franchise, qui s’en chargera.<br>\r\n<br>\r\nAinsi s’installe le fameux roulement synonyme d’un Call of Duty par an. Dès l’année suivante, en 2006, Treyarch prend les reines du troisième opus, sous-titré En Marche vers Paris dans l’Hexagone. Un épisode souvent jugé “bon mais sans plus” (l’équipe marquera les esprits avec Black Ops quatre ans plus tard). Par la suite, en 2011, Sledgehammer Games viendra compléter le roster des développeurs de la série. Mais n’allons pas trop vite en besogne. Car pendant que Treyarch s’affaire sur Call of Duty 3, Infinity Ward prépare quelque chose de gros. De très gros.<br>\r\n<br>\r\n<h3>\"C\'EST LA GUERRE MODERNE !\"</h3><br>\r\n<br>\r\nVous l’aurez compris, en 2007, Modern Warfare casse tout sur son passage, au propre comme au figuré. Infinity Ward s’est libéré des chaînes de l’Histoire avec un grand “H” et livre un récit certes imaginé de toutes pièces, mais crédible, moderne et bien sûr explosif. Interrogé sur le sujet à l’occasion de la sortie du jeu, Grant Collier, co-fondateur du studio, explique les raisons de cette transition :<br>\r\n<br>\r\n\"On a toujours été fan de la Seconde Guerre mondiale (...) Mais c’est juste qu’on avait constamment des idées pour un jeu plus moderne qui ne conviendraient pas à ce cadre historique. Donc on a mis ces idées de côté. A la base, après Call of Duty 1, on voulait partir sur Modern Warfare, mais on a eu l’opportunité d’être un jeu de lancement pour la Xbox 360 (sortie en novembre 2005, ndlr). Call of Duty 2 était un gros succès, et grâce à ce succès, toutes les portes étaient ouvertes, on pouvait faire ce qu’on voulait. On avait tellement d’idées pour Modern Warfare qu’il était simplement temps de le faire - Grant Collier, co-fondateur d’Infinity Ward, lors de la sortie de Modern Warfare\"<br>\r\n<br>\r\nEffectivement, des idées, Modern Warfare n\'en manque pas. Et pas seulement pour la campagne, très variée. Le multijoueur en ligne est aussi largement applaudi. Le système d’expérience fait alors son apparition, tout comme la possibilité de débloquer des armes et de personnaliser son personnage, notamment grâce aux “Perks”, ces atouts que l\'on peut équiper dans un nombre limité et qui permettent, par exemple, d’avoir plus de vie, de faire davantage de dégâts ou encore de recharger plus rapidement.<br>\r\n<br>\r\n<h3>LA CONSÉCRATION</h3><br>\r\n<br>\r\nInfinity Ward venait de mettre tout le monde d’accord avec un shooter popcorn particulièrement solide. Et le public a répondu présent. On estime aujourd’hui les ventes totales de Call of Duty 4 à 19,8 millions d’exemplaires. Sa suite, Modern Warfare 2, fera encore mieux, avec des chiffres qui atteignent désormais les 25 millions d’unités écoulées. Fort de ce succès, un troisième opus est mis en chantier. Mais dans les coulisses, Treyarch est à l’oeuvre, et compte bien surpasser un World at War plus qu\'honnête mais qui n’a pas explosé.<br>\r\n<br>\r\nCar si la marque Modern Warfare reste sans doute l\'accomplissement le plus important d\'Infinity Ward au sein de la série Call of Duty à ce jour, l\'équivalent du côté de Treyarch, c\'est indéniablement Black Ops, dont le premier épisode, sorti en 2010, figure aujourd\'hui comme le plus gros succès de la licence, tous épisodes confondus (au coude-à-coude avec Modern Warfare 3 selon les données de Statista). Le studio est parvenu à s\'extirper de l\'ombre du papa des COD avec un mode zombie apparu un épisode plus tôt et perfectionné pour l\'occasion, ainsi qu\'une campagne crue et psychologique, le héros étant souvent assailli par des flash-backs de la guerre du Vitenam.<br>\r\n<br>\r\nCall of Duty est alors au sommet. Les ventes de Black Ops et de Modern Warfare 3 (sorti en 2011) sont absolument folles et même l\'imbroglio contractuel et relationnel qui a abouti au départ de Vince Zampella et de son bras-droit Jason West (ainsi que d\'une bonne partie des employés d\'Infinity Ward) n\'aura pas gâché la fête, en tout cas pas sur le plan commercial. C\'est d\'ailleurs à cette occasion que Sledgehammer Games s\'ajoute à l\'équation, venu prêter main forte sur MW3 à un Infinity Ward embourbé dans ses déboires judiciaires.<br>\r\n<br>\r\nL\'année suivante, Treyarch emboîtera le pas de la modernité et du succès fou avec Black Ops 2, dont les ventes totales sont aujourd\'hui estimées à 30 millions d\'exemplaires. Mais c\'est aussi à ce moment-là que s\'installe une certaine \"Call of Duty fatigue\" impulsée par l\'arrivée de Ghosts, l\'opus 2013 d\'Infinity Ward qui porte lui aussi la marque \"bon mais sans plus\". En fait, c\'est surtout la modernité excessive des épisodes suivants qui accentuera ce ras-le-bol. D\'une manière assez ironique d\'ailleurs, puisque c\'est ce même bond dans le temps qui avait quelques années plus tôt propulsé la série vers de nouveaux horizons commerciaux et créatifs.<br>\r\n<br>\r\n<h3>FUTUR, FUTUR, FUTUR</h3><br>\r\n<br>\r\nEn 2014, Call of Duty : Advanced Warfare, premier épisode de la série signé Sledgehammer Games n\'est pas une réussite commerciale monumentale (en tout cas comparé aux opus stars de la licence). L\'année suivante, Black Ops 3 vient toutefois renflouer très confortablement les caisses, mais c\'est surtout l\'année 2016 et l\'arrivée d\'Infinite Warfare qui fait office de moment gênant pour la série.<br>\r\n<br>\r\nDéjà que le gameplay beaucoup plus vif d\'Advanced Warfare (à base de sauts / esquives en jetpack et d\'appareils pour voir à travers les murs) n\'avait pas réjouit les puristes, les batailles et les vaisseaux dans l\'espace, c\'était tout simplement trop. Si bien que sur 45 millions de vues, le trailer d\'annonce du titre compte 4 millions de dislike. Un record pour un contenu gaming sur YouTube.<br>\r\n<br>\r\n\"Avec Infinite Warfare, nous avons trouvé le garde-corps (de la créativité). À la fin du processus, cela ne ressemblait tout simplement pas à Call of Duty. S\'il faut retenir une chose, c\'est que le tout n\'a fait qu\'amplifier la demande d\'un titre avec des combats au sol (\"boots-on-the-ground\" en VO, ndlr) - Eric Hirshberg, ex-PDG d\'Activision, dans les colonnes de Newsweek\"<br>\r\n<br>\r\nIl y a quelque chose de rigolo avec Call of Duty. Même si la série s\'attire les foudres des fans, elle est tellement grand public que ses ventes ont toujours été (et resteront sans doute) très confortables. Pour cause, il est communément admis que les ventes d\'Infinite Warfare ont été deux fois mois importantes que celles de Black Ops 3 (aujourd\'hui estimées à 25 millions d\'exemplaires). Pas de quoi mettre la clé sous la porte donc.<br>\r\n<br>\r\nEn tout cas, pour reprendre la formule d\'Eric Hirshberg citée plus tôt, Call of Duty va vite revenir aux combats au sol, et même à la boue et aux armes bien plus terre à terre. C\'est le retour à la Seconde Guerre mondiale avec Call of Duty : WWII en 2017, et c\'est un carton. Black Ops 4 fera bien polémique par la suite avec son absence de campagne solo, mais pas vraiment de quoi bousculer Activision. L\'éditeur est bien le maître du FPS accessible et grand public. Et il va encore le prouver.<br>\r\n<br>\r\n<h3>RETOUR EN FORCE</h3><br>\r\n<br>\r\nOn en arrive finalement à nos jours. L\'année dernière, c\'est le reboot de Modern Warfare qui est arrivé sur nos machines, et c\'est - sans surprise - un énorme succès. Infinity Ward a livré une copie très solide, fort d\'un nouveau moteur graphique, d\'une campagne soignée et d\'un mode multijoueur qui fait toujours aussi bien le café. Mais la famille ne serait pas complète sans Warzone, le battle royale free-to-play à la Call of Duty arrivé plus tôt cette année. Récemment, il a atteint les 75 millions de joueurs.<br>\r\n<br>\r\nL\'équation est parfaite. Warzone fait office de porte d\'entrée dans l\'écosystème et la philosophie Call of Duty, grâce à un genre qui a explosé ces dernières années. Toute l\'ADN de COD y est : l\'enrobage soigné, le gameplay simple, intuitif et réactif. En parallèle, le multijoueur de Modern Warfare continue de s\'éttoffer et incarne une forme de suite logique pour les joueurs du battle royale.<br>\r\n<br>\r\nEt les résultats sont là. Début août, Activision Blizzard a annoncé un trimestre record porté par Call of Duty. On y parle de 838 millions d\'euros gagnés (soit plus de 270% sur un an) et de dépenses en jeu cinq fois plus élevées que sur Black Ops 4 l\'an passé. Sans parler de l\'argent de poche rapporté par Call of Duty : Mobile et les récents remasters de Modern Warfare 1 et 2.<br>\r\n<br>\r\n<b>Donc au final, comment COD est-il devenu le roi du FPS grand public ? La réponse est simple : en construisant une stratégie commerciale surpuissante sur la base de bons jeux.</b>', '2020-08-27 19:33:24', '2020-08-27 19:33:24', 'dfaa4ee55d185eb76b5bc80d0b51be06.webp', 2),
(26, 'Risk of Rain 2 : passage à la 3D réussi pour un rogue-lite explosif', '<b>Le pari était risqué : en troquant une 2D minimaliste et plutôt lisible pour un univers tout en 3D bardé de couleurs, Risk of Rain avait toutes les chances de nous perdre en chemin. C’est en tout cas ce que nous pensions quand nous avons vu les premières images du jeu. Mais quelle erreur : grâce à ce changement de dimension, Risk of Rain 2 transcende son concept et atteint le sommet des meilleurs rogue-lite.</b><br>\r\n<br>\r\nLe principe de base de Risk of Rain 2 ne change pas par rapport au précédent épisode : vous explorez une planète inconnue en vous téléportant de zones et zones, qui sont autant de niveaux à parcourir. Pour boucler un niveau, il faut trouver le téléporteur, le charger à 100% et vaincre le boss local, tout en faisant face à des vagues d’ennemis. Le twist, ici, c’est que la difficulté augmente dans le temps, au court de votre run. Les premières minutes se font en mode “facile” et les adversaires sont peu nombreux et font peu de dégâts. Mais plus le temps passe et plus la situation devient compliquée, jusqu’à finir au niveau de difficulté baptisée “HAHAHAHAHAAHAHAH...” qui voit un déluge de feu et de tirs déferler sur votre avatar. On aurait donc tendance à penser qu’il est préférable d’aller rapidement de portail en portail afin d’atteindre le boss de fin le plus vite possible, sans que le niveau de difficulté ne soit trop élevé. Erreur : rusher jusqu’à la fin implique de gagner peu de niveaux et donc de puissance et de faire l’impasse sur les très nombreuses améliorations à dénicher au sein des décors. Toute la stratégie de Risk of Rain 2 consiste donc à trouver le bon équilibre entre une montée en puissance efficace, sans trop attendre que le jeu devienne impossible. Rien qu’avec ce concept, le studio Hopoo Games tient quelque chose de fort.<br>\r\n<br>\r\nMais toute cette idée de difficulté progressive, si vous avez joué au premier Risk of Rain, vous connaissez déjà. L’énorme changement, ici, c’est le passage à la 3D, qui change drastiquement la façon d’aborder les combats et oblige le joueur à être très mobile, à miser sur le contrôle des foules, la fuite pour recharger son énergie et, surtout, sur un grand sens de l’observation. À chaque début de zone, le mieux reste d’explorer le plus rapidement possible afin de dénicher le téléporteur, puis d’ensuite prendre son temps pour gagner quelques niveaux de puissance et accumuler suffisamment d’argent pour s\'acheter le plus d\'améliorations possible. À la manière d’unThe Binding of Isaac ou un Dead Cells, le titre propose une vaste collection d’objets qui vont vous aider dans votre quête. Cela peut être un drone soigneur, une capacité à courir plus vite, un double saut, des bombes lâchées aléatoirement sur les ennemis… Impossible de savoir à l’avance ce qui sera disponible : comme tout bon rogue-lite qui se respecte, Risk of Rain 2 mise tout sur l’aléatoire. Un concept bien connu, mais qui a ses limites, puisqu’il suffit de tomber sur un run avec peu de loot et un premier boss trop difficile pour largement écourter sa partie.<br>\r\n<br>\r\n<h3>MISSION TO MARS</h3><br>\r\n<br>\r\nMais revenons à ce passage en 3D : non seulement il s’avère judicieux en matière de mécanique de jeu, mais il donne également une dimension artistique inédite au titre, en proposant des environnements vastes et envoûtants, délivrant même à quelques moments de titanesques visions de science-fiction. Cela peut être un vers des sables géant qui surgit du sol, une lune qui illumine le ciel, la forme d’un bâtiment alien qui se dessine au loin… Le monde de Risk of Rain 2 est une belle réussite, certes peu expliquée et qui laisse une grande part à l’imagination, mais délivre de nombreux souvenirs et quelques courts moments de belles contemplations entre deux combats furieux.<br>\r\n<br>\r\nCar il faut avoir conscience que le rythme est très, très soutenu et que les derniers niveaux sont bien souvent de véritables champs de bataille, où les tirs arrivent de partout. Pour peu que vous jouiez à 4, l’impression d’être au coeur d’un affrontement à la Starship Troopers n’est pas qu’une illusion. Contrecoup de ce torrent d’action : la lisibilité en prend un coup et l’on finit bien souvent par tirer dans le tas en espérant toucher “quelque chose”, tout en surveillant en permanence sa barre de vie, prêt à fuir à la moindre blessure trop importante. Mais soyons honnête : ce sont aussi lors de ces moments de “joyeux foutoir” de Risk of Rain 2 procure un plaisir authentique.<br>\r\n<br>\r\n<h3>DES CLASSES QUI ONT LA CLASSE</h3><br>\r\n<br>\r\nLe statut de Rogue-lite de Risk of Rain 2 peut également entraîner une certaine lassitude, à force de parcourir sans cesse les mêmes types d’environnements dans l’espoir d’atteindre le dernier boss. Heureusement, le jeu propose jusqu’à 10 classes de héros à incarner, qui sont autant de façons de jouer. La classe de base, le Commando, est ainsi très équilibrée, munie d’un pistolet mitrailleur, d’une capacité à esquiver via à une roulade et d’un tir assommant bien utile pour interrompre un tir fatal qui se prépare. Mais les autres classes ne sont pas en reste et proposent chacune leurs atouts : la Chasseuse possède le don de téléportation et peut larguer une pluie de flèches sur une zone donnée. En contrepartie, elle a peu de points de vie. L’Ingénieur ne peut pas tirer directement sur un ennemi, mais lance des grenades par pack de 4, peut poser des mines au sol et de tourelles et bénéficie d’un très pratique bouclier de protection, qui crée une zone “sans danger” au sol (très pratique en multijoueur, notamment). Le capitaine, quant à lui, a la capacité de commander des tirs surpuissants depuis l’espace vers le sol, mettant à terre un pack d’ennemi en un instant… Ce ne sont là que quelques exemples et il faut reconnaître le soin d’équilibrage apporté à toutes ces classes de héros, qui ont toujours leurs forces et leurs faiblesses et s’adaptent à tous les types de jeux. Assurément une grande force du titre et une bonne façon de renouveler l’intérêt d’une partie à l’autre.<br>\r\n<br>\r\nRisk of Rain 2 est donc un excellent titre, qui s’apprécie de multiples façons et qui a beaucoup à offrir. Le passage à la 3D est étonnamment réussi, aussi bien d’un point de vue artistique que ludique et la variété des classes permet de se créer un jeu “à la carte”. En solo, le titre s’avère difficile et tendu, et il faut progresser à tâtons pour espérer aller le plus loin possible. En multijoueur, pour peu que l’on soit bien coordonné, les parties deviennent carrément épiques et visuellement explosives. Une réussite incontestable et peut-être le meilleur rogue-lite en 3D sorti à ce jour.', '2020-08-27 19:49:23', '2020-08-27 19:49:23', 'b9400a25e8a813adb1d9c382a38e5782.jpeg', 2),
(27, 'Umihara Kawase BaZooKa! - Les versions PS4 et Nintendo Switch prennent du retard', '<b>Umihara Kawase BaZooKa!, le titre normalement attendu pour le 29 septembre prochain sur PlayStation 4 et Nintendo Switch, voit sa date de sortie décalée d\'un mois.</b><br>\r\n<br>\r\nLes joueurs qui voudront participer à des affrontements opposants quatre joueurs dans une seule et même arène sur PlayStation 4 et Nintendo Switch devront donc patienter quelques jours de plus puisque les versions numériques et physiques du jeu Umihara Kawase BaZooKa! ont été repoussée au 29 octobre prochain en Europe et au 30 octobre de la même année en Amérique du Nord.<br>\r\n<br>\r\n<b>Pour rappel, bien que les versions PlayStation 4 et Nintendo Switch prennent du retard, Umihara Kawase BaZooKa! est d\'ores et déjà disponible sur PC.</b>', '2020-08-27 19:52:56', '2020-08-27 19:52:56', 'c4e4a2a5e7821fffe85473df713d38b5.webp', 2),
(28, '[Rumeur] Call of Duty : Black Ops Cold War - Une description, une date de sortie et trois éditions en fuite', '<b>Après une attente inhabituelle pour la licence, Activision a récemment officialisé l\'existence de Call of Duty : Black Ops Cold War, un opus qui prendra directement la suite du titre de 2010. Alors que l\'annonce complète devrait avoir lieu demain, des fuites apparaissent.</b><br>\r\n<br>\r\nEn effet, le site Charlie Intel, spécialiste dans ce genre d\'informations, relaie des éléments qui auraient été découverts par COD Tracker et ModernWarzone, nous éclairant sur le pitch de la campagne de ce Call of Duty : Black Ops Cold War, mais également sur la présence d\'un multi classique et d\'un mode zombies, ainsi que sur une possible date de sortie. Si tout cela reste à prendre avec énormément de précautions en attendant demain, voici la description relayée :<br>\r\n<br>\r\n\"Black Ops Cold War plongera les fans dans les profondeurs de la bataille géopolitique trompeuse de la Guerre Froide au début des années 1980. Rien ne sera jamais comme il paraît dans une campagne solo captivante, où les joueurs se retrouveront face à face avec des personnages historiques et des vérités difficiles, alors qu\'ils se battent dans le monde entier à travers des lieux emblématiques comme Berlin-Est, le Vietnam, la Turquie ou encore le quartier général du KGB, et plus encore.<br>\r\n<br>\r\nEn tant qu\'agents d\'élite, vous suivrez les traces d\'un sombre personnage dénommé Persée, qui a pour mission de déstabiliser l\'équilibre mondial des pouvoirs et de changer le cours de l\'histoire. Plongez au cœur de cette sombre conspiration mondiale aux côtés de personnages emblématiques tels que Woods, Mason et Hudson et d\'un nouveau casting d\'agents tentant d\'arrêter un complot en cours de réalisation. (...) Bienvenue au bord du gouffre. Bienvenue dans Call of Duty : Black Ops Cold War.\"<br>\r\n<br>\r\n\"La date de sortie de Black Ops Cold War a été divulguée, et la date de présentation du multi a été confirmée via les fichiers du jeu.<br>\r\n<br>\r\nSortie : 13 novembre - Présentation du multijoueur : 9 septembre\"<br>\r\n<br>\r\nPour ce qui est des trois éditions, c\'est du côté de Gamekult que nous découvrons de possibles informations. Nous apprenons ainsi qu\'il existerait trois éditions du jeu : une édition standard, une édition ultime, et surtout une édition \"cross-gen\". La bêta serait accessible à toute personne précommandant l\'une de ces versions, réservation permettant également d\'obtenir Woods dans Modern Warfare et Warzone, ainsi qu\'un pack d\'armes intitulé Confrontation. De plus, les joueurs faisant le choix de la version Ultime pourront débloquer le pack land, sea and air, contenant 3 skins de véhicules, 3 skins d\'agents, 3 schémas d\'armes, ainsi que le battle pass.<br>\r\n<br>\r\nCependant, c\'est l\'édition Cross-Gen qui nous intrigue le plus ici, puisqu\'elle devrait contenir les deux versions pour un même constructeur, laissant entendre que la version standard sur consoles actuelles n\'offrira pas de mise à niveau vers la PS5 et la Xbox Series X. Nous avons contacté Activision pour obtenir un éclaircissement à ce sujet, mais il y a fort à parier que nous n\'en saurons plus que demain.', '2020-08-27 19:57:45', '2020-08-27 19:57:45', '881e2c1ac53fdfd7ed13769f8e94154c.webp', 3),
(29, 'Call of Duty : Modern Warfare & Warzone - La Saison 5 célèbre l\'été avec de nouveaux événements', '<b>La Saison 5 de Call of Duty : Modern Warfare et de Call of Duty : Warzone ne compte pas se limiter à l\'ajout de nouvelles cartes et de nouveaux opérateurs. En effet, cette dernière s\'amplifie d\'une mise à jour nommée Reloaded qui propose aux joueurs de participer à de nouveaux événements pour profiter de nombreuses récompenses inédites.</b><br>\r\n<br>\r\nDu 28 août au 7 septembre prochain, les joueurs de Call of Duty : Modern Warfare et de Call of Duty : Warzone pourront s\'atteler à de nouvelles épreuves grâce à l\'arrivée des jeux de l\'été. Ces derniers proposent aux soldats en herbe de représenter leur pays dans divers défis accessibles, mais difficiles à maîtriser. En effet, dans ces épreuves de compétence (épreuves de vitesse et de précision), les joueurs devront prouver leur efficacité au combat pour remporter de nouvelles récompenses.<br>\r\n<br>\r\n<h3>LE PLANNING DES ÉPREUVES</h3><br>\r\n<br>\r\nTrial One : Gun Course - L\'épreuve Gun Course débute le 28 août prochain et propose aux joueurs d\'abattre de nombreuses cibles le plus rapidement possible, et ce, tout en évitant les pertes civiles. Les temps à battre sont de 1 minute 30 pour la médaille de bronze, 1 minute pour la médaille d\'argent et 40 secondes pour la médaille d\'or.<br>\r\n<br>\r\nTrial Two : Price’s Alley - L\'épreuve Price’s Alley commence le 29 août 2020. Elle propose de faire le plus gros combo possible avec une arme de poing pour réaliser le meilleur score. La médaille d\'or s\'obtient avec un score minimum de 6000 points.<br>\r\n<br>\r\nTrial Three : Risky Parkour - Cette troisième épreuve débute le 30 août prochain et propose aux joueurs de participer à des phases de parkour. L\'objectif est bien évidemment d\'atteindre la ligne d\'arrivée le plus rapidement possible, et ce, sans toucher le sol. Les temps à battre sont de 55 secondes pour la médaille de bronze, 47 pour la médaille d\'argent et 40 pour la médaille d\'or.<br>\r\n<br>\r\nTrial Four : Shooting Range - Le défi Shooting Range se lance le 31 août et propose une fois de plus de prendre les armes pour éliminer les cibles de la zone le plus rapidement possible. Attention, vos munitions sont limitées. Les temps à battre sont de 50 secondes pour la médaille de bronze, 40 pour la médaille d\'argent et 30 pour la médaille d\'or.<br>\r\n<br>\r\nTrial Five : Marksman Challenge Starts - La cinquième et dernière épreuve des jeux d\'été de Call of Duty : Modern Warfare débute le 1er septembre prochain. Elle propose aux joueurs de travailler leur précision afin de réaliser le meilleur score possible. La médaille d\'or s\'obtient en réalisant un score de 4400 points.<br>\r\n<br>\r\nBien évidemment, plus les joueurs obtiendront de médailles, plus ces derniers seront récompensés par de nouveaux cosmétiques comme des skins de véhicules, des klaxons, des plans d\'armes ou encore des cartes de visite. À noter également qu\'il est possible de débloquer le pendentif Games of Summer Cup en participant simplement à l\'une de ses épreuves.<br>\r\n<br>\r\nLa mise à jour Reloaded de la Saison 5 qui est d\'ores et déjà disponible n\'ajoute pas seulement les épreuves de l\'été, mais propose également quelques nouveautés bienvenues comme la mitrailleuse FiNN LMG, un nouvel opérateur, une carte de taille réduite pour le mode Gunfight et un tournoi pour ce même mode. Le tournoi du mode Gunfight est, à l\'image du Battle Royale Warzone, accessible à toutes et à tous. Il propose aux joueurs de s\'affronter pour déverrouiller des récompenses cosmétiques de haut niveau.<br>\r\n<br>\r\nReloaded propose également un tout nouveau mode de jeu nommé King Slayer pour Call of Duty : Warzone, ainsi qu\'une variante supplémentaire pour le mode Ground War. Le mode King Slayer propose donc à de nombreuses équipes de s\'affronter à nouveau sur la carte de Warzone, sauf que cette fois-ci, les règles ont changé. En effet, dans cette variante du Battle Royale le cercle de gaz ne se réduit pas, mais se déplace d\'une zone à l\'autre à l\'image d\'Hyper Scape, le Battle Royale d\'Ubisoft. King Slayer, comme son nom l\'indique, ajoute également une petite particularité supplémentaire : le meilleur joueur des cinq premières équipes sera noté comme \"King\" sur la carte. Éliminer un roi permet aux joueurs d\'obtenir des points supplémentaires ainsi qu\'un Killstreak gratuit.<br>\r\n<br>\r\nLa variante du mode Ground War, quant à elle, propose aux joueurs de sécuriser trois drapeaux situés au centre de la carte. Mais attention, ici, lorsque votre avatar est abattu, ce dernier ne réapparaît pas, vous devez attendre que vos coéquipiers sécurisent un nouveau drapeau pour rejoindre à nouveau la partie. Pour remporter une manche, il vous suffit d\'éliminer tous les soldats adverses ou de sécuriser les trois drapeaux.', '2020-08-27 20:05:57', '2020-08-27 20:05:57', 'edb1931723651697c57e128421d0a7cc.webp', 3),
(30, 'Destroy All Humans! - Remake n\'aura pas de mise à niveau PS5 et Xbox Series X', '<b>Le 28 juillet dernier sortait sur PC, PlayStation 4 et Xbox One, Destroy All Humans!, le remake de la version originale sortie pour la première fois en 2005, et à l\'approche des consoles next-gen, soit la PlayStation 5 et la Xbox Series X, il est bon de savoir quels jeux seront rétrocompatibles et quels jeux profiteront d\'une mise à niveau avec les consoles de nouvelles générations.</b><br>\r\n<br>\r\nC\'est lors d\'un entretien réalisé par le magazine GamerHeadquaters que Jean-Marc Haessig, le directeur créatif de Destroy All Humans! - Remake dévoile la mauvaise nouvelle : Destroy All Humans! - Remake ne profitera pas des nouvelles technologies apportées par la PlayStation 5 et de la Xbox Series X. Cependant, il y a de fortes chances que les aventures remises au goût du jour de Crypto-137 soient bel et bien rétrocompatibles.<br>\r\n<br>\r\n<b>Dans cette même interview, Jean-Marc Haessig précise que même si un portage de Destroy All Humans! - Remake sur PlayStation 5 et Xbox Series X n\'est pas au programme, que le titre recevra au cours de l\'année de nombreuses mises à jour permettant d\'améliorer le confort des joueurs.</b>', '2020-08-27 20:18:17', '2020-08-27 20:18:17', 'd8db3705236e9d14c51b69e44d10052f.webp', 1),
(31, 'Unity souhaite entrer en bourse', '<b>Support technologique sur lequel sont développés de très nombreux jeux, Unity cherche à poursuivre son développement en déposant un dossier préparant une éventuelle entrée en bourse.</b><br>\r\n<br>\r\nCe dernier, déposé auprès de la Securities and Exchange Commission, organe contrôlant les marchés financiers américains, indique en effet que Unity Software tente d\'entrer en bourse du côté de New York. Dans le document, dont le but est de convaincre d\'éventuels investisseurs, Unity met en avant le fait que 1,5 millions de créateurs actifs utilisent le moteur, que plus de 50% des jeux tous supports confondus seraient développé sous Unity, et que plus de 3 milliards d\'applications seraient téléchargées chaque mois.<br>\r\n<br>\r\nCependant, malgré une croissance rapide et un chiffre d\'affaires de 540 millions de dollars en 2019, la société est endettée. Selon nos confrères de Gamekult, au 30 juin, Unity avait un déficit de 570 millions de dollars malgré une valorisation estimée à 6 milliards de dollars. Après avoir mis en avant ses qualités, ses atouts compétitifs, ses stratégies et les perspectives offertes par sa technologie, Unity a évoqué les facteurs de risque :<br>\r\n<br>\r\n\"Nous avons des antécédents de pertes et pourrions ne pas atteindre ou maintenir la rentabilité à l\'avenir. Nous avons un historique limité d\'exploitation de notre entreprise à son échelle actuelle et, par conséquent, nos résultats antérieurs peuvent ne pas être indicatifs de la performance opérationnelle future. (...)<br>\r\n<br>\r\nSi nous ne parvenons pas à nous développer davantage dans de nouvelles industries, ou si nos solutions pour une nouvelle industrie ne parviennent pas à être acceptées par le marché, notre croissance et nos résultats d\'exploitation pourraient être affectés négativement, et nous pourrions être tenus de reconsidérer notre stratégie de croissance. (...) Les marchés sur lesquels nous participons sont concurrentiels et si nous ne sommes pas compétitifs de manière efficace, nos activités, notre situation financière et nos résultats d\'exploitation pourraient en pâtir.<br>\r\n<br>\r\nA l\'heure actuelle, Unity est présent dans 18 pays et emploie près de 3400 personnes à temps plein. Parmi les titres connus développés sous Unity, on trouve notamment Subnautica, Hollow Knight, Pokémon GO, Call of Duty : Mobile ou encore Ori and the Will of the Wisps. Enfin, notons que pour cette tentative d\'entrée en bourse, Unity est soutenu par les banques Goldman Sachs et le Crédit Suisse.', '2020-08-27 20:21:13', '2020-08-27 20:21:13', 'f7d6a62eeb5a43e6c7387265362d2c26.webp', 1),
(32, 'Un bundle Driver San Francisco dans The Crew 2', '<b>Alors que Driver : San Francisco soufflera sa 9ème bougie début septembre, Ubisoft a décidé de rendre hommage à la série de courses-poursuites hollywoodiennes dans son autre licence de jeu de courses : The Crew 2.</b><br>\r\n<br>\r\nC’est par le biais d’un post sur le site internet officiel publié la semaine dernière que l’information a été partagée : un bundle Driver San Francisco est à l’affiche du magasin ingame de The Crew 2 et inclus notamment la 1970\'s Dodge Challenger R/T.<br>\r\n<br>\r\nPour les fans du titre paru en 2011, et rappelé en des termes élogieux dans le post de la mise à jour de la semaine, c’est bien entendu la voiture iconique de John Tanner, héros de la série DRIVER, qui est présente sur la jaquette de Driver San Francisco ainsi qu’en figurine physique dans sa version collector. Le bundle comprend aussi des objets tels qu’un low-poly boost en or, des illuminations de sol, etc. et s’inscrit parfaitement dans l’évènement en cours de The Crew 2 appelé Summer in Hollywood, et plus précisément sa partie Special 70’s alors que les puristes relèveront que la livrée, c’est-à-dire les motifs sur la carrosserie, n’est pas exactement la même que celle du jeu original avec des bandes noires trop rapprochées.<br>\r\n<br>\r\n<h3>DESSINE MOI UN DRIVER</h3><br>\r\n<br>\r\nAussi étrange que cela puisse paraître, c’est la première fois qu’Ivory Tower, développeur de la série The Crew, fait un clin d’œil à la série d’Ubisoft Reflections dans The Crew 2. Le jeu regorge pourtant d’easter eggs divers et variés comme la triforce de Zelda, le bigfoot, une soucoupe volante,… mais aucune référence à la série DRIVER n’avait encore été faite alors que les deux séries de courses automobiles partagent énormément de lieux et de points communs. C’est désormais chose faite avec ce bundle qui reprend le nom et le logo du jeu, publié par le compte officiel du jeu sur les réseaux sociaux avec en commentaire : \"Désormais, San Francisco n’aura plus de secrets pour vous\". Même le compte officiel d’Ubisoft Reflections, pourtant peu enclin à parler de Driver ces temps-ci, a retweeté l’information en ajoutant une description des péripéties que la voiture a certainement enduré avec son précédent propriétaire.<br>\r\n<br>\r\n<h3>RED RIVER</h3><br>\r\n<br>\r\nMais le plus important à noter est l’accueil chaleureux de ce clin d’œil à la série, aussi minime soit-il, par les joueurs sur les réseaux sociaux : beaucoup plus d’engagement en likes et partages que d’habitude, ainsi que des commentaires espérant que cela soit plus qu’un clin d’œil mais bien un retour du jeu qui reste indisponible à l’achat sur les plateformes dématérialisées.<br>\r\n<br>\r\n<b>Si Ubisoft cherchait à prendre la température de l’avis du public sur la série Driver dont le dernier jeu en date est justement Driver San Francisco, c’est précisément avec ce genre de références dans ses jeux qu’il pourra réaliser, à travers leur réaction très positive, que les joueurs veulent encore de cette expérience de courses-poursuites hollywoodiennes dont seul Driver a le secret...</b>', '2020-08-27 20:28:32', '2020-08-27 20:28:32', '10bbfed35d3a3422866ad2162d5d4d81.webp', 2),
(33, 'Black Myth : Wukong - Game Science se dit surpris par la réception élogieuse de la part de la presse et des joueurs', '<b>Le 20 août dernier, le studio chinois Game Science s\'est fait remarquer par le presse et par les joueurs en publiant un premier trailer de Black Myth : Wukong, son action-RPG aux allures de Dark Souls. Aujourd\'hui, le titre mettant en scène le Roi des Singes refait parler de lui.</b><br>\r\n<br>\r\nAprès avoir reçu de nombreux éloges par la presse, les éditeurs et les joueurs suite à la présentation de sa future production, le studio Game Science se dit surpris d\'une telle réception lors d\'une interview réalisée par la presse chinoise. En effet, le studio récemment acclamé par Epic Games, Nvidia ou encore Cory Barlog, le papa de la saga God of War, déclare dans cet entretien retranscrit en anglais par l\'analyste Daniel Ahmad avoir simplement souhaité créer un trailer honnête pour promouvoir leur projet nommé Black Myth : Wukong afin de recruter de nouveaux développeurs.<br>\r\n<br>\r\nEn effet, le titre anciennement connu sous le nom de Project S., n\'en est qu\'à ses balbutiements. Même si aujourd\'hui le projet compte trente développeurs, soit dix-sept de plus par rapport à la première année de développement, Game Science précise qu\'il reste encore beaucoup de travail à effectuer pour réaliser un action-RPG à la hauteur des normes des triples A actuels à commencer par l\'écriture du script complet, l\'amélioration des animations faciales et la mise en place de nouvelles mécaniques pour les affrontements.<br>\r\n<br>\r\nToujours dans cette même interview (disponible en mandarin ici), le studio déclare avoir souhaité travaillé sur Black Myth : Wukong au moment de la création de Game Science, soit en 2014, cependant, le studio ne pouvait pas commencer un projet d\'une telle envergure. C\'est pourquoi les développeurs se sont attelés à la production de titres moins volumineux comme 100 Heroes et Art of War : Red Tides. L\'objectif était d\'apporter davantage de stabilité au studio et de patienter afin de s\'assurer que les conditions du marché (coûts et technologie) seraient en leur faveur.<br>\r\n<br>\r\nGame Science s\'est ensuite attardé sur ses inspirations à commencer par le dernier God of War, auquel l\'équipe à repris l\'angle de vue de la caméra, mais aussi Asura, leur MMORPG sortie en 2013 inspirée du roman La Pérégrination vers l\'Ouest (Journey to the West). En effet, le studio indique avoir tiré de nombreuses leçons de leur production développée sous le compte de Tencent. Grâce à cela, Black Myth : Wukong proposera un monde encore plus authentique en s\'appuyant davantage sur l\'oeuvre emblématique de Wu Cheng\'En.<br>\r\n<br>\r\n<b>Pour finir, Game Science précise que l\'impressionnante vidéo de gameplay de Black Myth : Wukong est bel et bien tirée d\'une version jouable du jeu. Pour rappel, aucune date de sortie n\'a été dévoilée.</b>', '2020-08-27 20:34:20', '2020-08-27 20:34:20', '23fde469f82fe0145158d74457e15ee9.webp', 3),
(34, 'Promo Logitech : Jusqu’à 50% de remise sur une sélection de produits gaming', '<b>Les équipements Logitech sont aujourd’hui en promotion chez Amazon. Des casques, claviers et souris voient leurs prix baisser jusqu’à 50%.</b><br>\r\n<br>\r\n<h3>PROMO AMAZON : JUSQU’À – 50% SUR LES PRODUITS LOGITECH G</h3><br>\r\n<br>\r\nLa gamme G de Logitech regroupe des périphériques gamers qui ont fait leurs preuves dans l’industrie. La marque est devenue un incontournable au sein de notre paysage vidéoludique. Appréciés des joueurs, acclamés par la presse, les multiples équipements gaming de Logitech sont aujourd’hui en promotion parmi une sélection Amazon.', '2020-08-27 20:37:46', '2020-08-27 20:37:46', '0e6cf55b02588d7b5b01802c10638fd7.webp', 3),
(35, 'Cyberpunk 2077 : CD Projeckt reconfirme la présence de DLC gratuits', '<b>La date du 19 novembre se rapproche pour Cyberpunk 2077, déjà reporté à plusieurs reprises. Si ce report permet d\'avoir plus de temps pour peaufiner le titre ou communiquer, il contraint aussi les équipes à rappeler certaines choses.</b><br>\r\n<br>\r\nEn 2019, CD Projeckt avait déjà indiqué que Cyberpunk 2077 aura droit à des extensions payantes basées sur le modèle de celles présentes dans The Witcher 3 : Wild Hunt, mais également à des DLC gratuits. De nouveau interrogé à ce sujet, le studio polonais a rappelé que le titre disposera bien de contenus gratuits. Pour le moment, les équipes n\'ont pas dévoilé ce à quoi nous pouvons nous attendre, mais si la route tracée par les dernières aventures de Geralt de Riv est suivie, on devrait avoir accès à de nouvelles quêtes, de l\'équipement, des armes et des consommables.<br>\r\n<br>\r\n\"Le jeu aura-t-il des dlc gratuits comme (son) grand frère (The Witcher 3) ? \"Ohhhh ouaiiiiis !\" \"', '2020-08-27 20:40:51', '2020-08-27 20:40:51', '56661f57705ffd75daf8b86df04ca62d.webp', 3);
INSERT INTO `articles` (`id`, `titre`, `corps`, `created_at`, `updated_at`, `featured_image`, `users_id`) VALUES
(36, 'Casque, clavier, souris : Logitech G fait le plein de nouveaux produits colorés', '<b>Le line-up de la rentrée de Logitech G compte un nouveau casque, ainsi que de nouveaux coloris pour un clavier et deux souris proposés dans la nouvelle gamme Color Collection.</b><br>\r\n<br>\r\nLogitech G semble avoir envie d’en faire voir de toutes les couleurs aux gamers, mais pas d’inquiétude : on parle ici des coloris des nouveaux produits de la marque et pas de leurs performances en cours de partie. La Color Collection compte quatre références disponibles en différentes couleurs.<br>\r\n<br>\r\nLe fer de lance de cette nouvelle gamme est assurément le casque sans fil G733 Lightspeed qui utilise, comme son nom l’indique, la technologie de Logitech à base d’un dongle USB. Ce casque est disponible en quatre coloris, à savoir blanc, noir, bleu et lilas. Il pèse 278 grammes et il intègre des coussinets d’oreilles avec une double couche de mousse à mémoire de forme, ce qui est à la fois confortable et isolant. Il est possible de personnaliser entièrement le casque à l’aide de bandeaux réglables colorés, ainsi que de protections de micros : ces accessoires sont compatibles avec tous les casques et micros Logitech G.<br>\r\n<br>\r\nPar ailleurs, le clavier Logitech G915 TKL, lui aussi sans fil et déjà disponible en coloris noir, fait son entrée dans la Color Collection en blanc. Les souris G203 et G305 sont quant à elles disponibles dans des coloris noir, blanc, bleu et lilas. À l’occasion de la présentation de ces différents produits, qui sont tous des « reskins » de modèles existants à l’exception du casque G733, Logitech G laisse globalement de côté des spécifications techniques pour se concentrer sur l\'apparence : la marque explique simplement qu’elle espère que la Color Collection permettra aux joueurs « d’exprimer leur style et leur personnalité » à l’aide de ces nouveaux produits.<br>\r\n<br>\r\nCôté prix, comptez 149 euros pour acquérir le casque Logitech G733 Lightspeed, tandis que les bandeaux ajustables seront disponibles dans cinq coloris à 9,99 euros l’unité. Le lot de cinq protections de microphones sera lui aussi proposé à ce tarif. Le clavier mécanique Logitech G915 TKL est proposé à 229,99 euros, la souris Logitech G305 à 59,99 euros et la Logitech G203 Lightsync à 39,99 euros. L’ensemble de la gamme sera disponible à partir du 7 septembre.<br>\r\n<br>', '2020-08-27 20:44:06', '2020-08-27 20:44:06', '7823f0c46531653382b0fd62aa085b2a.png', 2),
(37, '[MàJ] Nintendo Switch : La rumeur d\'une nouvelle version ressurgit', '<b>La rumeur d\'une nouvelle version de la Nintendo Switch court depuis de nombreux mois, au point de devenir un véritable serpent de mer. Après une petite hibernation, cette possible Switch \"Pro\" refait parler d\'elle depuis Taïwan.</b><br>\r\n<br>\r\n[Mise à jour]La rumeur autour de l\'arrivée d\'une nouvelle Nintendo Switch pour 2021 se précise, et il semblerait que cette fameuse nouvelle version de la console du géant japonais apportera avec elle un atout de taille. En effet, selon Kotaku, un rapport indique que ce modèle amélioré inclura plus de puissance de calcul, \'\'\'mais surtout une résolution 4K.\'\'\' Bien évidemment, encore une fois, ces nouvelles informations sont à prendre avec de grosses pincettes puisque rien n\'a été annoncé officiellement de la part de Nintendo.[Mise à jour]<br>\r\n<br>\r\nEn effet, un journal économique local, l\'Economic Daily News, indique qu\'une nouvelle version de la Nintendo Switch entrera en production plus tard cette année, avec une sortie qui serait prévue au cours du premier trimestre 2021. L\'article en question évoque des sources situées au coeur des chaînes de production, lesquelles indiquent que ce modèle permettrait une meilleure interactivité, et qu\'il disposerait d\'une meilleure qualité d\'affichage.<br>\r\n<br>\r\nPour rappel, ce type de caractéristiques est évoqué depuis l\'année dernière, notamment par Takashi Mochizuki du Wall Street Journal. Rappelons que Nintendo avait écarté l\'idée d\'un nouveau modèle cette année auprès de ses investisseurs, et que rien n\'a été annoncé à l\'heure actuelle concernant les années à venir. Enfin, notez que ces informations ne sont pas officielles, et qu\'il convient de les prendre avec prudence.<br>', '2020-08-27 20:49:27', '2020-08-27 20:50:50', '72e36e73e4bc8cdc923cd91df460551c.webp', 1);

-- --------------------------------------------------------

--
-- Structure de la table `articles_categories`
--

DROP TABLE IF EXISTS `articles_categories`;
CREATE TABLE IF NOT EXISTS `articles_categories` (
  `articles_id` int(11) NOT NULL,
  `categories_id` int(11) NOT NULL,
  PRIMARY KEY (`articles_id`,`categories_id`),
  KEY `IDX_DE004A0E1EBAF6CC` (`articles_id`),
  KEY `IDX_DE004A0EA21214B7` (`categories_id`)
) ENGINE=InnoDB DEFAULT CHARSET=utf8mb4 COLLATE=utf8mb4_unicode_ci;

--
-- Déchargement des données de la table `articles_categories`
--

INSERT INTO `articles_categories` (`articles_id`, `categories_id`) VALUES
(23, 3),
(24, 1),
(24, 2),
(24, 3),
(24, 4),
(24, 5),
(25, 1),
(25, 2),
(25, 3),
(25, 4),
(25, 5),
(25, 6),
(26, 1),
(26, 4),
(26, 5),
(27, 5),
(27, 6),
(28, 1),
(28, 2),
(28, 3),
(28, 4),
(28, 5),
(29, 1),
(29, 4),
(29, 5),
(30, 1),
(30, 4),
(30, 5),
(31, 1),
(32, 1),
(32, 5),
(33, 1),
(33, 4),
(33, 5),
(33, 6),
(34, 1),
(35, 1),
(35, 4),
(35, 5),
(36, 1),
(37, 6);

-- --------------------------------------------------------

--
-- Structure de la table `categories`
--

DROP TABLE IF EXISTS `categories`;
CREATE TABLE IF NOT EXISTS `categories` (
  `id` int(11) NOT NULL AUTO_INCREMENT,
  `nom` varchar(50) COLLATE utf8mb4_unicode_ci NOT NULL,
  PRIMARY KEY (`id`)
) ENGINE=InnoDB AUTO_INCREMENT=7 DEFAULT CHARSET=utf8mb4 COLLATE=utf8mb4_unicode_ci;

--
-- Déchargement des données de la table `categories`
--

INSERT INTO `categories` (`id`, `nom`) VALUES
(1, 'PC'),
(2, 'XboxSeries'),
(3, 'PS5'),
(4, 'One'),
(5, 'PS4'),
(6, 'Switch');

-- --------------------------------------------------------

--
-- Structure de la table `migration_versions`
--

DROP TABLE IF EXISTS `migration_versions`;
CREATE TABLE IF NOT EXISTS `migration_versions` (
  `version` varchar(14) COLLATE utf8mb4_unicode_ci NOT NULL,
  `executed_at` datetime NOT NULL COMMENT '(DC2Type:datetime_immutable)',
  PRIMARY KEY (`version`)
) ENGINE=InnoDB DEFAULT CHARSET=utf8mb4 COLLATE=utf8mb4_unicode_ci;

--
-- Déchargement des données de la table `migration_versions`
--

INSERT INTO `migration_versions` (`version`, `executed_at`) VALUES
('20200820122438', '2020-08-20 12:26:42'),
('20200820124917', '2020-08-20 12:49:22'),
('20200820125737', '2020-08-20 12:57:46'),
('20200820133937', '2020-08-20 13:39:44'),
('20200821121427', '2020-08-21 12:14:37'),
('20200824122328', '2020-08-24 12:23:37'),
('20200824231116', '2020-08-24 23:11:25'),
('20200825122314', '2020-08-25 12:23:47'),
('20200825123946', '2020-08-25 12:41:10'),
('20200825141857', '2020-08-25 14:22:35'),
('20200825150349', '2020-08-25 15:03:58');

-- --------------------------------------------------------

--
-- Structure de la table `users`
--

DROP TABLE IF EXISTS `users`;
CREATE TABLE IF NOT EXISTS `users` (
  `id` int(11) NOT NULL AUTO_INCREMENT,
  `username` varchar(180) COLLATE utf8mb4_unicode_ci NOT NULL,
  `roles` json NOT NULL,
  `password` varchar(255) COLLATE utf8mb4_unicode_ci NOT NULL,
  PRIMARY KEY (`id`),
  UNIQUE KEY `UNIQ_1483A5E9F85E0677` (`username`)
) ENGINE=InnoDB AUTO_INCREMENT=4 DEFAULT CHARSET=utf8mb4 COLLATE=utf8mb4_unicode_ci;

--
-- Déchargement des données de la table `users`
--

INSERT INTO `users` (`id`, `username`, `roles`, `password`) VALUES
(1, 'Rivalol', '[]', '$argon2id$v=19$m=65536,t=4,p=1$cHg3c3AwczFiQU1VYU45VQ$HoXQ3cm2HmMdmbBjWTTeVCrSD4Irh54BU40qrkXevzw'),
(2, 'Canced', '[]', '$argon2id$v=19$m=65536,t=4,p=1$QkVpdk5rd0NhN2dUUnVNbw$i6HTkIU2C4tot0Ie+OOsapqIhx85PjBovEdD31Vl5E0'),
(3, 'Twoured1963', '[]', '$argon2id$v=19$m=65536,t=4,p=1$QkN0VDR6ZEhLS1FMa2N5dg$6zYc17Dg5f9Gs1YbtiSa+0EYOl1xUHP5YPUp1fYSnsI');

--
-- Contraintes pour les tables déchargées
--

--
-- Contraintes pour la table `articles`
--
ALTER TABLE `articles`
  ADD CONSTRAINT `FK_BFDD316867B3B43D` FOREIGN KEY (`users_id`) REFERENCES `users` (`id`);

--
-- Contraintes pour la table `articles_categories`
--
ALTER TABLE `articles_categories`
  ADD CONSTRAINT `FK_DE004A0E1EBAF6CC` FOREIGN KEY (`articles_id`) REFERENCES `articles` (`id`) ON DELETE CASCADE,
  ADD CONSTRAINT `FK_DE004A0EA21214B7` FOREIGN KEY (`categories_id`) REFERENCES `categories` (`id`) ON DELETE CASCADE;
COMMIT;

/*!40101 SET CHARACTER_SET_CLIENT=@OLD_CHARACTER_SET_CLIENT */;
/*!40101 SET CHARACTER_SET_RESULTS=@OLD_CHARACTER_SET_RESULTS */;
/*!40101 SET COLLATION_CONNECTION=@OLD_COLLATION_CONNECTION */;
